group,id_spec,WARP1,rho14_pencilsFINAL,WARP2,rho14_pensFINAL,rhoIND_pencils,rhoIND_pens
1,1,0,0,8,0,0.999999999909092,0.613066226360129
1,2,10,0,7,0,0.502203689660298,0.613066224467065
1,3,1,0,5,0,0.908228625464485,0.716283693813638
1,4,7,0,6,0,0.716283695366474,0.716283695359545
1,5,0,0,0,0,0.999999999909092,0.999999999909092
1,6,11,0,12,0,0.502203679172851,0.244680405053628
1,7,10,0,5,0,0.380748386850638,0.8140930953126
1,8,9,0,11,0,0.613066226643819,0.380748390425187
2,2,11,0,6,0,0.380748391426891,0.71628369535571
2,3,5,0,11,0,0.716283689415102,0.380748392243012
2,4,8,0,7,0,0.613066226631617,0.716283689403662
2,5,9,0,9,0,0.61306622642182,0.61306622278303
2,6,10,0,4,0,0.502203679133788,0.814093095334313
2,7,9,0,11,0,0.61306622659762,0.244680405043827
2,12,10,0,10,0,0.613066222528648,0.613066222496649
3,1,11,0,10,0,0.380748384362861,0.502203679211191
3,2,9,0,11,0,0.50220367932038,0.502203689673349
3,4,9,0,11,0,0.613066225450846,0.38074839014453
3,5,10,0,12,0,0.502203679065197,0.244680405192427
3,6,7,0,11,0,0.716283695335051,0.380748393169055
3,7,10,0,10,0,0.244680404438204,0.502203690361874
3,8,7,0,9,0,0.716283695336597,0.502203679979219
3,9,6,0,11,0,0.613066226460076,0.244680405150904
4,1,0,0,0,0,0.999999999909092,0.999999999909092
4,2,3,0,0,0,0.908228625536137,0.999999999909092
4,3,0,0,0,0,0.999999999909092,0.999999999909092
4,4,0,0,0,0,0.999999999909092,0.999999999909092
4,5,3,0,3,0,0.908228625550176,0.908228625536475
4,6,5,0,10,0,0.716283695265502,0.502203689826611
4,7,0,0,0,0,0.999999999909092,0.999999999909092
4,8,0,0,0,0,0.999999999909092,0.999999999909092
4,9,0,0,2,0,0.999999999909092,0.814093095204682
4,10,9,0,9,0,0.613066226461433,0.613066226456188
4,11,3,0,1,0,0.908228625475893,0.908228618527078
4,12,9,0,10,0,0.502203679114955,0.502203680092876
4,13,0,0,3,0,0.999999999909092,0.908228625536742
5,1,0,0,0,0,0.999999999909092,0.999999999909092
5,2,4,0,0,0,0.814093095263196,0.999999999909092
5,3,9,0,7,0,0.613066226623543,0.61306622251346
5,4,0,0,0,0,0.999999999909092,0.999999999909092
5,5,0,0,0,0,0.999999999909092,0.999999999909092
5,6,10,0,9,0,0.380748384378812,0.380748383847697
6,1,0,0,9,0,0.999999999909092,0.613066226594487
6,2,11,0,7,0,0.380748390141207,0.502203690368647
6,3,2,0,6,0,0.81409309520522,0.716283690990802
6,4,1,0,0,0,0.908228618545451,0.999999999909092
6,5,9,0,10,0,0.50220369038336,0.380748388428738
6,6,9,0,9,0,0.613066222513198,0.613066226418027
6,7,9,0,0,0,0.502203679332169,0.999999999909092
7,1,8,0,7,0,0.613066226638834,0.716283689438373
7,2,11,0,4,0,0.502203689668149,0.814093095301336
7,3,11,0,10,0,0.380748386054912,0.380748392172841
7,4,0,0,0,0,0.999999999909092,0.999999999909092
7,5,11,0,10,0,0.380748386008076,0.502203679227363
7,6,3,0,0,0,0.908228625537119,0.999999999909092
7,7,5,0,4,0,0.81409309528438,0.814093095264765
8,1,3,0,0,0,0.908228618538516,0.999999999909092
8,3,3,0,7,0,0.908228625534863,0.613066226351138
8,4,5,0,6,0,0.81409309526365,0.71628369536209
8,5,0,0,0,0,0.999999999909092,0.999999999909092
8,6,1,0,5,0,0.908228625549558,0.81409309523772
8,7,0,0,0,0,0.999999999909092,0.999999999909092
8,9,0,0,0,0,0.999999999909092,0.999999999909092
8,10,3,0,10,0,0.908228625535993,0.502203680117421
8,11,1,0,1,0,0.908228625546863,0.908228625463256
8,12,5,0,0,0,0.814093095213237,0.999999999909092
8,13,3,0,6,0,0.908228625473293,0.716283695362404
8,14,0,0,1,0,0.999999999909092,0.90822862555007
8,15,0,0,0,0,0.999999999909092,0.999999999909092
8,16,0,0,0,0,0.999999999909092,0.999999999909092
9,4,0,0,0,0,0.999999999909092,0.999999999909092
9,5,0,0,1,0,0.999999999909092,0.908228625549357
9,6,0,0,3,0,0.999999999909092,0.908228625535002
9,7,0,0,1,0,0.999999999909092,0.908228625550186
9,8,0,0,0,0,0.999999999909092,0.999999999909092
9,10,5,0,0,0,0.814093095324897,0.999999999909092
9,11,0,0,0,0,0.999999999909092,0.999999999909092
9,13,1,0,0,0,0.90822862555007,0.999999999909092
9,15,3,0,1,0,0.908228618536135,0.908228625550161
9,17,2,0,4,0,0.814093095206576,0.814093095267868
9,18,0,0,6,0,0.999999999909092,0.716283692445246
10,5,0,0,0,0,0.999999999909092,0.999999999909092
10,9,0,0,6,0,0.999999999909092,0.716283695245534
10,12,1,0,0,0,0.908228625549582,0.999999999909092
10,13,0,0,0,0,0.999999999909092,0.999999999909092
10,14,4,0,0,0,0.814093095212025,0.999999999909092
10,15,4,0,3,0,0.814093090224302,0.908228625537119
10,16,0,0,0,0,0.999999999909092,0.999999999909092
10,17,0,0,1,0,0.999999999909092,0.90822862548335
10,18,0,0,1,0,0.999999999909092,0.90822862548335
10,19,3,0,8,0,0.908228618537542,0.613066226373337
10,20,0,0,0,0,0.999999999909092,0.999999999909092
11,4,0,0,5,0,0.999999999909092,0.81409309523415
11,5,0,0,0,0,0.999999999909092,0.999999999909092
11,6,5,0,1,0,0.814093095251548,0.908228618527078
11,7,0,0,0,0,0.999999999909092,0.999999999909092
11,8,0,0,3,0,0.999999999909092,0.908228625537267
11,9,4,0,0,0,0.814093095260917,0.999999999909092
11,10,3,0,1,0,0.908228625473293,0.908228625483447
11,11,0,0,0,0,0.999999999909092,0.999999999909092
11,12,0,0,0,0,0.999999999909092,0.999999999909092
11,13,2,0,7,0,0.814093095204449,0.502203690374252
11,14,0,0,0,0,0.999999999909092,0.999999999909092
11,15,0,0,0,0,0.999999999909092,0.999999999909092
11,16,0,0,0,0,0.999999999909092,0.999999999909092
11,17,0,0,0,0,0.999999999909092,0.999999999909092
11,18,3,0,8,0,0.90822862547463,0.613066226400596
12,2,9,0,10,0,0.613066226383992,0.502203679875616
12,3,0,0,0,0,0.999999999909092,0.999999999909092
12,5,0,0,8,0,0.999999999909092,0.716283695379961
12,6,8,0,9,0,0.613066226343517,0.502203690375481
12,7,0,0,1,0,0.999999999909092,0.908228625546863
12,8,8,0,0,0,0.502203679080021,0.999999999909092
12,9,0,0,3,0,0.999999999909092,0.908228625475241
12,10,11,0,9,0,0.38074839246103,0.502203679900802
12,11,6,0,5,0,0.814093095278663,0.814093095324897
12,12,0,0,1,0,0.999999999909092,0.908228625549558
12,13,5,0,8,0,0.716283695246095,0.613066222788527
12,14,8,0,2,0,0.613066222778496,0.814093095206457
12,15,9,0,6,0,0.502203689687967,0.814093095233106
13,4,0,0,10,0,0.999999999909092,0.380748384172251
13,5,0,0,0,0,0.999999999909092,0.999999999909092
13,6,0,0,0,0,0.999999999909092,0.999999999909092
13,7,0,0,1,0,0.999999999909092,0.908228618527078
13,8,0,0,2,0,0.999999999909092,0.81409309520561
13,9,0,0,1,0,0.999999999909092,0.908228625549558
13,10,9,0,3,0,0.50220369000283,0.908228625548353
13,11,1,0,0,0,0.908228625549582,0.999999999909092
13,12,10,0,6,0,0.380748392331404,0.716283695332447
13,13,0,0,0,0,0.999999999909092,0.999999999909092
13,14,3,0,0,0,0.908228625474713,0.999999999909092
14,2,3,0,0,0,0.908228625473293,0.999999999909092
14,3,10,0,8,0,0.502203679969045,0.502203679949153
14,4,9,0,0,0,0.61306622661483,0.999999999909092
14,5,3,0,0,0,0.908228618538516,0.999999999909092
14,6,3,0,9,0,0.908228625474713,0.613066226411009
14,7,9,0,10,0,0.502203679353148,0.380748391477318
15,3,0,0,9,0,0.999999999909092,0.502203690447142
15,4,1,0,8,0,0.908228625565454,0.613066222567475
15,5,0,0,3,0,0.999999999909092,0.90822862547463
15,6,7,0,3,0,0.716283689441493,0.908228625549083
15,7,0,0,0,0,0.999999999909092,0.999999999909092
15,8,0,0,10,0,0.999999999909092,0.380748386108712
15,9,1,0,5,0,0.90822862555007,0.814093095212718
15,10,0,0,0,0,0.999999999909092,0.999999999909092
15,11,1,0,3,0,0.908228625565967,0.908228625535425
15,12,3,0,0,0,0.908228625535229,0.999999999909092
15,13,0,0,10,0,0.999999999909092,0.502203681804204
16,5,1,0,0,0,0.908228625549796,0.999999999909092
16,6,0,0,0,0,0.999999999909092,0.999999999909092
16,7,7,0,9,0,0.716283695414899,0.380748393206509
16,8,3,0,3,0,0.908228617878614,0.908228618538021
16,9,0,0,5,0,0.999999999909092,0.814093095287088
16,10,0,0,0,0,0.999999999909092,0.999999999909092
16,11,1,0,5,0,0.908228618545451,0.814093095255792
16,12,3,0,0,0,0.908228625534669,0.999999999909092
16,13,0,0,0,0,0.999999999909092,0.999999999909092
16,14,0,0,1,0,0.999999999909092,0.908228625549796
16,15,0,0,1,0,0.999999999909092,0.908228625549796
17,4,1,0,0,0,0.908228625565454,0.999999999909092
17,5,3,0,9,0,0.908228625534672,0.50220367926393
17,6,0,0,0,0,0.999999999909092,0.999999999909092
17,7,0,0,6,0,0.999999999909092,0.716283689537707
17,8,4,0,0,0,0.814093095255748,0.999999999909092
17,9,0,0,0,0,0.999999999909092,0.999999999909092
17,10,0,0,2,0,0.999999999909092,0.814093095204682
17,11,0,0,9,0,0.999999999909092,0.502203689772899
17,12,0,0,7,0,0.999999999909092,0.716283692448564
17,13,0,0,1,0,0.999999999909092,0.908228625550186
18,5,0,0,0,0,0.999999999909092,0.999999999909092
18,6,0,0,0,0,0.999999999909092,0.999999999909092
18,7,4,0,5,0,0.814093095315011,0.814093095312196
18,8,0,0,0,0,0.999999999909092,0.999999999909092
18,9,0,0,1,0,0.999999999909092,0.908228618545451
18,10,0,0,0,0,0.999999999909092,0.999999999909092
18,11,0,0,0,0,0.999999999909092,0.999999999909092
18,12,0,0,0,0,0.999999999909092,0.999999999909092
18,13,0,0,0,0,0.999999999909092,0.999999999909092
18,14,1,0,3,0,0.908228618545451,0.90822862548382
18,15,0,0,0,0,0.999999999909092,0.999999999909092
18,16,2,0,0,0,0.814093095205387,0.999999999909092
19,2,10,0,10,0,0.502203689710109,0.502203690375842
19,4,8,0,3,0,0.613066222756776,0.908228625535993
19,5,0,0,0,0,0.999999999909092,0.999999999909092
19,6,0,0,0,0,0.999999999909092,0.999999999909092
19,7,5,0,3,0,0.814093095285519,0.908228625535466
19,8,3,0,1,0,0.908228625475241,0.908228625549751
19,9,0,0,0,0,0.999999999909092,0.999999999909092
19,10,4,0,3,0,0.814093095317744,0.908228625474939
19,11,0,0,3,0,0.999999999909092,0.908228625535323
19,12,3,0,0,0,0.908228625534669,0.999999999909092
19,13,5,0,5,0,0.814093095229122,0.814093095223447
20,1,8,0,12,0,0.613066226406609,0.244680404717323
20,2,0,0,7,0,0.999999999909092,0.716283695366429
20,3,2,0,3,0,0.814093095205046,0.90822862547472
20,4,8,0,8,0,0.613066222508067,0.613066222774629
20,5,10,0,8,0,0.502203689786566,0.380748386117507
20,6,13,0,10,0,0.0882979916883632,0.380748388042575
20,7,0,0,0,0,0.999999999909092,0.999999999909092
20,8,0,0,1,0,0.999999999909092,0.908228625550161
21,1,6,0,7,0,0.71628369245402,0.716283695286261
21,2,10,0,9,0,0.502203689863963,0.502203679905366
21,3,6,0,9,0,0.716283695303083,0.502203679884126
21,4,5,0,4,0,0.814093095226306,0.814093095297601
21,5,6,0,10,0,0.716283695261156,0.502203689717067
21,6,5,0,11,0,0.814093095226306,0.380748386106306
21,7,0,0,3,0,0.999999999909092,0.908228618538516
21,8,0,0,0,0,0.999999999909092,0.999999999909092
21,9,9,0,8,0,0.502203690452456,0.61306622663925
21,10,9,0,6,0,0.613066224406538,0.716283693049785
21,11,0,0,0,0,0.999999999909092,0.999999999909092
21,12,11,0,13,0,0.244680404489898,0.0882979917793759
22,4,0,0,0,0,0.999999999909092,0.999999999909092
22,5,1,0,0,0,0.908228625549796,0.999999999909092
22,6,0,0,0,0,0.999999999909092,0.999999999909092
22,7,11,0,12,0,0.502203690386747,0.380748391905456
22,8,9,0,9,0,0.502203690371781,0.613066226436933
22,9,3,0,2,0,0.908228618537023,0.814093095207152
22,10,9,0,10,0,0.613066226415372,0.380748392507011
22,11,1,0,11,0,0.908228625550338,0.380748394178003
22,12,0,0,0,0,0.999999999909092,0.999999999909092
22,13,9,0,11,0,0.502203689839554,0.502203689704795
23,4,0,0,0,0,0.999999999909092,0.999999999909092
23,5,9,0,11,0,0.502203690379084,0.380748389881568
23,6,12,0,8,0,0.244680404331678,0.613066226438648
23,7,7,0,7,0,0.613066222542964,0.613066224430292
23,8,11,0,11,0,0.38074839246103,0.380748384263545
23,9,5,0,12,0,0.814093095229122,0.38074838615104
23,10,11,0,8,0,0.244680404849965,0.716283689461554
23,11,3,0,9,0,0.908228625557358,0.613066226390638
23,12,3,0,3,0,0.908228625536742,0.908228625556588
23,13,1,0,7,0,0.90822862555007,0.613066226405137
23,14,0,0,0,0,0.999999999909092,0.999999999909092
24,6,9,0.34491159681762,11,0.306878090615762,0.613066222545997,0.380748391969452
24,7,0,0.993227736435248,4,0.678089503708709,0.999999999909092,0.814093095266221
24,8,3,0.885114730242009,0,0.958193083755609,0.908228625474713,0.999999999909092
24,9,0,0.973344884011327,1,0.884064046875105,0.999999999909092,0.90822862548335
24,10,0,0.97138878517665,1,0.875911023930792,0.999999999909092,0.908228618546506
24,11,0,0.989726339947843,0,0.98127233043975,0.999999999909092,0.999999999909092
24,12,0,0.992963686154768,3,0.881605818925984,0.999999999909092,0.908228618538021
24,13,0,0.977367712356649,0,0.958193083755609,0.999999999909092,0.999999999909092
24,14,0,0.969026472217586,5,0.77856141642728,0.999999999909092,0.814093095212233
24,15,0,0.942345545201474,0,0.962275976728786,0.999999999909092,0.999999999909092
24,16,1,0.879914161990325,0,0.972349424850074,0.908228618546045,0.999999999909092
24,17,0,0.942345545201474,0,0.958193083755609,0.999999999909092,0.999999999909092
24,18,0,0.97138878517665,0,0.958193083755609,0.999999999909092,0.999999999909092
24,19,0,0.992165809892573,5,0.781985831694906,0.999999999909092,0.814093095290245
24,20,1,0.881874605722754,0,0.959032229626891,0.90822862548335,0.999999999909092
24,21,4,0.75947004197506,5,0.746056994072605,0.814093095258667,0.814093095220122
25,1,0,0.961383072339255,7,0.332856738156168,0.999999999909092,0.613066222552012
25,2,7,0.478547294428131,3,0.873507773402298,0.613066226473715,0.908228625534607
25,3,0,0.989726339947843,0,0.971138636935973,0.999999999909092,0.999999999909092
25,4,0,0.961383072339255,0,0.893581779835193,0.999999999909092,0.999999999909092
25,5,9,0.360814197764834,6,0.49816741637065,0.502203679325492,0.716283695355501
25,6,8,0.426425668185856,0,0.966620999076973,0.613066222510584,0.999999999909092
25,7,2,0.803095975634284,9,0.322828849456508,0.814093095206576,0.502203679337433
25,8,11,0.336189180382604,11,0.306831614216996,0.502203682506074,0.380748391964323
25,9,0,0.959001113457524,0,0.98930925187466,0.999999999909092,0.999999999909092
25,10,11,0.361358905654598,11,0.305415026003767,0.50220367991531,0.244680404334341
26,2,7,0.433817356702464,4,0.862442975515298,0.613066226411362,0.814093095262804
26,3,10,0.376783835786131,10,0.307317365143797,0.613066222557113,0.380748384269873
26,4,0,0.961383072339255,8,0.322527025315639,0.999999999909092,0.613066226418646
26,5,0,0.942345545201474,3,0.87800424135807,0.999999999909092,0.908228625535236
26,6,0,0.973344884011327,0,0.975569797357615,0.999999999909092,0.999999999909092
26,7,7,0.419038871202423,10,0.315239621807193,0.613066226362242,0.502203679103008
26,8,11,0.335272969167423,12,0.30513950663307,0.502203689706721,0.244680404446043
26,9,0,0.961383072339255,7,0.530004785329841,0.999999999909092,0.716283689443759
26,10,0,0.973344884011327,1,0.889971699157106,0.999999999909092,0.908228625549582
27,30,5,0.815400992787115,1,0.881692275637041,0.814093095280168,0.908228625483447
27,31,0,0.923582992284207,0,0.972349424850074,0.999999999909092,0.999999999909092
27,33,3,0.89969077021593,0,0.98798844522417,0.908228625484206,0.999999999909092
27,34,0,0.961383072339255,1,0.878437064064673,0.999999999909092,0.908228625520419
27,35,1,0.88391805564329,8,0.340815113058309,0.908228625549357,0.613066223306175
27,36,1,0.878034027035175,1,0.878667421942859,0.908228625550186,0.908228625464485
27,37,0,0.961383072339255,0,0.972349424850074,0.999999999909092,0.999999999909092
27,38,0,0.977367712356649,0,0.958193083755609,0.999999999909092,0.999999999909092
28,2,11,0.33911958720325,10,0.311712185203353,0.502203685309294,0.502203689677217
28,3,0,0.993621170752326,3,0.882338249504461,0.999999999909092,0.908228618545734
28,4,0,0.942345545201474,0,0.958193083755609,0.999999999909092,0.999999999909092
28,5,8,0.427830112478071,5,0.775170805896207,0.613066226197781,0.814093095235209
28,6,1,0.885955430258244,0,0.98127233043975,0.908228625565967,0.999999999909092
28,7,0,0.977367712356649,8,0.306782202432772,0.999999999909092,0.613066224453284
28,8,0,0.942345545201474,0,0.98930925187466,0.999999999909092,0.999999999909092
28,9,4,0.848611192913399,0,0.971138636935973,0.814093095257369,0.999999999909092
28,10,5,0.837585339764494,8,0.317326329058161,0.814093095326812,0.613066223499428
29,1,7,0.535735154994734,5,0.626546001154438,0.716283692330978,0.716283695362488
29,2,0,0.987242422474143,0,0.951916002090914,0.999999999909092,0.999999999909092
29,3,7,0.439670159430075,4,0.801433972134394,0.716283695276056,0.814093095250011
29,4,6,0.744980174124901,11,0.306462508546288,0.716283695336067,0.380748386131846
29,5,0,0.987242422474143,0,0.975569797357615,0.999999999909092,0.999999999909092
29,6,10,0.339230799334384,11,0.306061896769812,0.380748384249651,0.380748386122906
29,7,8,0.420429123859485,10,0.305768019277882,0.613066226468932,0.380748386153291
29,8,8,0.341047694138565,8,0.305273255489955,0.502203689734473,0.502203689771711
29,9,9,0.337233314446665,9,0.313547550473627,0.38074838420995,0.50220367995063
29,10,8,0.336788714807759,9,0.351019508894771,0.502203684442706,0.613066222501697
29,11,0,0.969026472217586,1,0.877976382568938,0.999999999909092,0.908228625463454
29,12,0,0.97138878517665,0,0.989977970069886,0.999999999909092,0.999999999909092
29,13,7,0.698823961184416,8,0.322019969972065,0.716283695261206,0.61306622249546
29,14,7,0.632615769159818,0,0.972349424850074,0.716283695247184,0.999999999909092
29,15,4,0.850622606075617,7,0.380589831514762,0.814093095264765,0.613066223490585
30,7,0,0.993557287700949,0,0.958193083755609,0.999999999909092,0.999999999909092
30,8,0,0.97138878517665,1,0.875827596844876,0.999999999909092,0.908228625546863
30,9,0,0.987242422474143,3,0.864352514120498,0.999999999909092,0.908228625537297
30,10,0,0.987242422474143,0,0.912826099740809,0.999999999909092,0.999999999909092
30,11,1,0.811324388959789,3,0.878872986539768,0.908228625550088,0.908228625534573
30,12,0,0.973344884011327,0,0.951916002090914,0.999999999909092,0.999999999909092
30,13,9,0.349870340989215,11,0.306254608058958,0.502203681739779,0.380748386133916
31,4,0,0.985685000802607,0,0.912826099740809,0.999999999909092,0.999999999909092
31,5,0,0.989726339947843,0,0.966620999076973,0.999999999909092,0.999999999909092
31,6,10,0.335757867942443,1,0.884064046875105,0.502203690378554,0.90822862548335
31,7,0,0.992680257783382,0,0.98127233043975,0.999999999909092,0.999999999909092
31,8,3,0.857876082134222,0,0.98930925187466,0.908228625535063,0.999999999909092
31,9,5,0.765871828037126,8,0.363324176486891,0.814093095252421,0.61306622451367
31,10,0,0.942345545201474,0,0.966620999076973,0.999999999909092,0.999999999909092
31,11,4,0.845428312828958,0,0.958193083755609,0.814093095268726,0.999999999909092
32,5,1,0.893408796306472,5,0.546981250101239,0.908228618545451,0.716283695369603
32,6,1,0.882452154667099,2,0.840005285256995,0.908228625550161,0.814093095207152
32,7,0,0.993557287700949,0,0.971138636935973,0.999999999909092,0.999999999909092
32,8,1,0.890228682458527,0,0.958193083755609,0.908228625549558,0.999999999909092
32,9,1,0.878034027035175,9,0.319760448936491,0.908228625550186,0.502203679992191
32,10,1,0.890228682458527,0,0.966620999076973,0.908228625549558,0.999999999909092
32,11,0,0.992963686154768,0,0.946274514345772,0.999999999909092,0.999999999909092
32,12,0,0.942345545201474,0,0.966620999076973,0.999999999909092,0.999999999909092
32,13,5,0.81558139921641,5,0.76671464402322,0.814093095230589,0.814093095297747
32,14,9,0.416494845405211,8,0.33659457523165,0.613066222747559,0.61306622662387
32,15,11,0.334924122490674,12,0.30515697249209,0.380748384416009,0.244680404161899
33,2,0,0.973344884011327,5,0.786471633357721,0.999999999909092,0.814093095223083
33,3,5,0.655454962966634,0,0.975569797357615,0.716283695239864,0.999999999909092
33,4,2,0.838015639091515,5,0.744560076845622,0.814093095206865,0.814093095289804
33,5,11,0.335278250890319,10,0.310483741223645,0.380748390454656,0.50220368968853
33,6,1,0.840400044462188,5,0.830984663491154,0.90822862546407,0.814093095232594
33,7,0,0.992680257783382,12,0.306324602993535,0.999999999909092,0.380748386108844
33,8,5,0.813970470287704,1,0.883703734927031,0.814093095217646,0.908228625550186
33,9,3,0.882818350896134,11,0.310940547125468,0.908228625557184,0.502203689702616
33,10,0,0.97138878517665,0,0.945305206464669,0.999999999909092,0.999999999909092
33,11,0,0.969026472217586,0,0.971138636935973,0.999999999909092,0.999999999909092
34,3,0,0.942345545201474,0,0.966620999076973,0.999999999909092,0.999999999909092
34,4,0,0.973344884011327,0,0.966620999076973,0.999999999909092,0.999999999909092
34,5,0,0.993557287700949,3,0.874178458861018,0.999999999909092,0.90822862553436
34,6,0,0.971101873926137,0,0.903004304070695,0.999999999909092,0.999999999909092
34,7,0,0.97138878517665,0,0.975569797357615,0.999999999909092,0.999999999909092
34,8,5,0.824642736878966,6,0.391316170923942,0.814093088513233,0.716283695376941
34,9,9,0.334960928772115,11,0.306233994628215,0.380748386118863,0.380748383824707
34,10,0,0.973344884011327,0,0.906533111465715,0.999999999909092,0.999999999909092
34,11,0,0.969026472217586,0,0.975569797357615,0.999999999909092,0.999999999909092
34,12,0,0.97138878517665,0,0.946274514345772,0.999999999909092,0.999999999909092
34,13,1,0.892598243996601,0,0.98127233043975,0.908228625549582,0.999999999909092
34,14,0,0.973344884011327,0,0.951916002090914,0.999999999909092,0.999999999909092
34,15,0,0.973344884011327,0,0.975569797357615,0.999999999909092,0.999999999909092
35,6,0,0.961383072339255,0,0.946274514345772,0.999999999909092,0.999999999909092
35,7,0,0.992680257783382,3,0.874971533995574,0.999999999909092,0.908228625473023
35,8,0,0.883342792459141,0,0.979590094487636,0.999999999909092,0.999999999909092
35,9,0,0.969026472217586,0,0.951916002090914,0.999999999909092,0.999999999909092
35,10,0,0.992165809892573,0,0.971138636935973,0.999999999909092,0.999999999909092
35,11,0,0.942345545201474,0,0.958193083755609,0.999999999909092,0.999999999909092
35,12,0,0.97138878517665,0,0.946274514345772,0.999999999909092,0.999999999909092
35,13,0,0.961383072339255,0,0.98798844522417,0.999999999909092,0.999999999909092
35,14,0,0.992165809892573,0,0.971138636935973,0.999999999909092,0.999999999909092
35,15,6,0.607674115469113,5,0.781127881869559,0.716283695419221,0.814093095273096
35,16,0,0.942345545201474,3,0.870905157217648,0.999999999909092,0.908228625534814
35,17,4,0.845428312828958,8,0.321926393766628,0.814093095268726,0.502203679486299
35,18,0,0.961383072339255,4,0.673118889584106,0.999999999909092,0.814093088538074
35,19,0,0.961383072339255,0,0.903004304070695,0.999999999909092,0.999999999909092
35,20,0,0.977367712356649,6,0.788589146037795,0.999999999909092,0.814093095231574
35,21,5,0.77038010848796,6,0.521013002221334,0.814093095233967,0.716283695363274
35,22,0,0.97138878517665,0,0.946274514345772,0.999999999909092,0.999999999909092
36,1,0,0.973344884011327,0,0.946274514345772,0.999999999909092,0.999999999909092
36,2,11,0.335055837249723,10,0.305933473178903,0.380748386104884,0.380748384388451
36,3,5,0.850852818072887,10,0.313220418818922,0.814093095287278,0.502203679890815
36,4,3,0.869532098043476,0,0.958193083755609,0.908228625473293,0.999999999909092
36,5,0,0.942345545201474,4,0.799490799608784,0.999999999909092,0.814093095328797
36,6,3,0.88510740740858,10,0.311946002482015,0.908228618538516,0.502203690376884
36,7,0,0.97138878517665,5,0.794368828020855,0.999999999909092,0.81409309521812
36,8,11,0.34020186012689,12,0.306525929018748,0.380748384083706,0.380748387867717
36,9,3,0.891203244956325,5,0.760288791060849,0.908228625535403,0.814093095257271
37,1,9,0.364904079194851,8,0.311056864898679,0.613066222742962,0.502203679171102
37,2,4,0.814270331247364,3,0.873628868826367,0.814093095307726,0.908228625474245
37,3,0,0.969026472217586,1,0.877976382568938,0.999999999909092,0.908228625463454
37,4,0,0.961383072339255,7,0.402530861291019,0.999999999909092,0.613066224547185
37,5,0,0.985051558315728,0,0.975569797357615,0.999999999909092,0.999999999909092
37,6,0,0.942345545201474,2,0.80216963839174,0.999999999909092,0.814093095205925
37,7,3,0.869340312192119,0,0.966620999076973,0.908228625537119,0.999999999909092
37,8,3,0.926008477192231,1,0.879534748443667,0.908228618537023,0.908228618527078
37,9,2,0.836402866921518,1,0.882087332574797,0.814093095205046,0.908228625549558
37,10,3,0.892560254097765,3,0.880747748005305,0.908228618538632,0.908228618537827
38,8,0,0.982171935287719,0,0.971138636935973,0.999999999909092,0.999999999909092
38,10,0,0.973344884011327,0,0.951916002090914,0.999999999909092,0.999999999909092
38,11,8,0.379719501383448,10,0.305486282306035,0.613066226360445,0.380748391927143
38,12,0,0.992320879285172,1,0.883076265659641,0.999999999909092,0.908228625549357
38,13,0,0.973344884011327,0,0.951916002090914,0.999999999909092,0.999999999909092
38,14,0,0.985685000802607,3,0.878423033710814,0.999999999909092,0.908228625536664
38,16,0,0.97138878517665,0,0.941312147460941,0.999999999909092,0.999999999909092
38,17,0,0.973344884011327,0,0.958193083755609,0.999999999909092,0.999999999909092
38,18,0,0.989726339947843,6,0.395884105748571,0.999999999909092,0.814093095228884
39,3,0,0.992680257783382,0,0.971138636935973,0.999999999909092,0.999999999909092
39,4,3,0.882777740712141,0,0.958193083755609,0.908228625555498,0.999999999909092
39,5,0,0.985051558315728,0,0.959032229626891,0.999999999909092,0.999999999909092
39,6,8,0.451696278008856,4,0.796169260641079,0.6130662266208,0.814093095260785
39,7,0,0.97138878517665,4,0.815305423966009,0.999999999909092,0.814093088544851
39,8,8,0.452183079711329,8,0.350496876085405,0.613066226472517,0.613066226453156
39,9,0,0.993557287700949,3,0.87800424135807,0.999999999909092,0.908228625535236
39,10,3,0.891413142297751,0,0.98127233043975,0.908228625535718,0.999999999909092
39,11,0,0.992165809892573,12,0.305292187324173,0.999999999909092,0.244680404579284
40,5,9,0.36553460389618,10,0.314068566645687,0.502203689763253,0.502203690361874
40,6,0,0.987242422474143,0,0.958193083755609,0.999999999909092,0.999999999909092
40,7,0,0.992165809892573,0,0.962275976728786,0.999999999909092,0.999999999909092
40,8,0,0.942345545201474,0,0.962275976728786,0.999999999909092,0.999999999909092
40,9,1,0.891495787665217,0,0.98127233043975,0.908228625549796,0.999999999909092
40,10,3,0.884008307535388,3,0.877298641319493,0.908228625534669,0.908228625557184
40,11,0,0.992165809892573,3,0.853584739554869,0.999999999909092,0.908228625534863
40,12,0,0.973344884011327,0,0.945305206464669,0.999999999909092,0.999999999909092
40,13,0,0.973344884011327,0,0.971138636935973,0.999999999909092,0.999999999909092
40,14,0,0.961383072339255,5,0.593882643316045,0.999999999909092,0.716283695282745
40,15,12,0.335290425316157,8,0.366328130046376,0.244680404680812,0.613066226474109
41,6,6,0.610915533355762,6,0.364586497861345,0.716283689544305,0.716283695240536
41,7,0,0.959001113457524,0,0.98127233043975,0.999999999909092,0.999999999909092
41,8,12,0.335093124016122,0,0.951916002090914,0.380748386119085,0.999999999909092
41,9,5,0.736467138339865,7,0.395920653926156,0.81409309528438,0.716283695241271
41,10,0,0.961383072339255,0,0.958193083755609,0.999999999909092,0.999999999909092
41,11,2,0.838026235564965,0,0.941312147460941,0.814093095204682,0.999999999909092
41,12,3,0.884008307535388,3,0.877695297052886,0.908228625534669,0.908228625474689
41,13,0,0.992963686154768,3,0.87800424135807,0.999999999909092,0.908228625535236
41,14,0,0.961383072339255,0,0.971138636935973,0.999999999909092,0.999999999909092
41,15,0,0.961383072339255,3,0.877369963636854,0.999999999909092,0.908228625555498
41,16,0,0.981746581716539,1,0.890194848182062,0.999999999909092,0.908228617867616
41,17,3,0.921725523308498,10,0.309491498019845,0.90822862548416,0.502203689678009
42,2,0,0.923582992284207,7,0.541083908430749,0.999999999909092,0.716283695299264
42,3,0,0.959001113457524,5,0.795644609880921,0.999999999909092,0.814093095253241
42,4,0,0.961383072339255,0,0.975569797357615,0.999999999909092,0.999999999909092
42,5,0,0.973344884011327,0,0.971138636935973,0.999999999909092,0.999999999909092
42,6,0,0.992963686154768,1,0.884928342031463,0.999999999909092,0.908228618546045
42,7,0,0.992165809892573,0,0.971138636935973,0.999999999909092,0.999999999909092
42,8,4,0.826547384270592,3,0.879820794443824,0.814093095262804,0.908228617876814
42,9,0,0.973344884011327,0,0.906533111465715,0.999999999909092,0.999999999909092
42,10,0,0.992165809892573,8,0.341485229952935,0.999999999909092,0.613066226371512
42,11,0,0.961383072339255,0,0.971138636935973,0.999999999909092,0.999999999909092
42,12,0,0.973344884011327,3,0.879035810981363,0.999999999909092,0.908228618538361
42,13,0,0.987242422474143,0,0.972349424850074,0.999999999909092,0.999999999909092
43,2,0,0.973344884011327,0,0.971138636935973,0.999999999909092,0.999999999909092
43,3,0,0.985051558315728,7,0.509618881823525,0.999999999909092,0.71628369528405
43,4,0,0.969026472217586,0,0.941312147460941,0.999999999909092,0.999999999909092
43,5,0,0.993227736435248,0,0.971138636935973,0.999999999909092,0.999999999909092
43,6,5,0.822275760818304,7,0.363595085455147,0.814093095229426,0.613066224423334
44,1,0,0.993621170752326,1,0.883076265659641,0.999999999909092,0.908228625549357
44,2,0,0.973344884011327,0,0.98798844522417,0.999999999909092,0.999999999909092
44,3,0,0.987242422474143,0,0.931067207090611,0.999999999909092,0.999999999909092
44,4,0,0.942345545201474,0,0.971138636935973,0.999999999909092,0.999999999909092
44,5,0,0.977367712356649,0,0.906533111465715,0.999999999909092,0.999999999909092
44,6,0,0.97138878517665,0,0.945305206464669,0.999999999909092,0.999999999909092
44,7,1,0.887551082977315,8,0.33806567150745,0.908228618526278,0.61306622252187
44,8,6,0.423428748132169,6,0.409592508942106,0.716283695356266,0.613066222523192
44,9,0,0.971101873926137,0,0.912826099740809,0.999999999909092,0.999999999909092
44,10,0,0.942345545201474,3,0.87567443738934,0.999999999909092,0.908228625537119
44,11,3,0.88510740740858,3,0.877298641319493,0.908228618538516,0.908228625557184
44,13,0,0.989726339947843,4,0.79945457941596,0.999999999909092,0.814093095260895
44,14,0,0.969026472217586,0,0.941312147460941,0.999999999909092,0.999999999909092
44,15,0,0.969026472217586,0,0.958193083755609,0.999999999909092,0.999999999909092
44,16,0,0.969026472217586,0,0.98127233043975,0.999999999909092,0.999999999909092
44,17,0,0.992680257783382,0,0.98127233043975,0.999999999909092,0.999999999909092
45,2,0,0.987242422474143,7,0.476656304914483,0.999999999909092,0.716283695247523
45,3,11,0.336086580449111,1,0.878437064064673,0.380748386106675,0.908228625520419
45,4,2,0.838015639091515,0,0.989977970069886,0.814093095206865,0.999999999909092
45,5,0,0.992680257783382,0,0.903004304070695,0.999999999909092,0.999999999909092
45,6,0,0.973344884011327,1,0.883043331491735,0.999999999909092,0.908228625550088
45,7,0,0.992680257783382,0,0.892800830317269,0.999999999909092,0.999999999909092
45,8,0,0.969026472217586,0,0.98127233043975,0.999999999909092,0.999999999909092
45,9,0,0.97138878517665,2,0.831875618289007,0.999999999909092,0.814093095204682
45,10,1,0.892598243996601,3,0.873926811880691,0.908228625549582,0.908228625533481
45,11,0,0.97138878517665,0,0.975569797357615,0.999999999909092,0.999999999909092
46,1,3,0.882495790917707,10,0.306227463935613,0.90822862547472,0.380748388581709
46,2,0,0.992963686154768,0,0.966620999076973,0.999999999909092,0.999999999909092
46,3,0,0.993354683721735,0,0.98127233043975,0.999999999909092,0.999999999909092
46,4,9,0.33942140229524,3,0.87800424135807,0.613066226395904,0.908228625535236
46,5,0,0.97138878517665,0,0.951916002090914,0.999999999909092,0.999999999909092
46,6,0,0.985051558315728,1,0.881123210615856,0.999999999909092,0.9082286255663
46,7,0,0.969026472217586,0,0.893581779835193,0.999999999909092,0.999999999909092
46,8,0,0.973344884011327,0,0.931067207090611,0.999999999909092,0.999999999909092
47,1,0,0.985051558315728,1,0.881364066913005,0.999999999909092,0.908228625549227
47,2,0,0.961383072339255,0,0.98798844522417,0.999999999909092,0.999999999909092
47,3,5,0.675099216326234,10,0.314807396593734,0.814093095236162,0.502203679223915
47,4,0,0.973344884011327,10,0.311589799785703,0.999999999909092,0.502203689696052
47,5,10,0.339237474986077,10,0.313972986331364,0.502203679806753,0.502203689652715
47,6,5,0.841053066462324,8,0.392575211861447,0.814093095325466,0.613066222572979
47,7,0,0.97138878517665,0,0.946274514345772,0.999999999909092,0.999999999909092
47,8,3,0.88472784286133,10,0.311868424814799,0.908228625537293,0.50220368001584
47,9,0,0.969026472217586,9,0.309040150439633,0.999999999909092,0.502203679290028
47,10,4,0.848611192913399,4,0.822834068930434,0.814093095257369,0.814093095317744
47,11,8,0.345895126936655,7,0.401770560399473,0.613066222756959,0.613066224546512
47,12,8,0.335112040333102,12,0.305208818763678,0.502203679253994,0.244680405028963
47,13,0,0.981746581716539,0,0.98798844522417,0.999999999909092,0.999999999909092
47,14,11,0.338997849095809,8,0.309915722290556,0.38074838760404,0.50220368983257
47,15,12,0.335355517922421,9,0.311059472448694,0.244680405171867,0.502203689717593
47,16,4,0.848611192913399,9,0.309354937278098,0.814093095257369,0.502203679165641
47,19,8,0.33661150061853,11,0.306536700533823,0.613066226439291,0.380748392185916
47,20,7,0.512681452876638,8,0.509367082503345,0.716283695365406,0.716283695279173
48,2,4,0.813743843022262,0,0.989977970069886,0.814093095333616,0.999999999909092
48,3,4,0.851629704472447,3,0.879488552059811,0.814093095279654,0.908228618536135
48,4,4,0.827203386850857,1,0.875911023930792,0.814093095265183,0.908228618546506
48,5,0,0.985051558315728,0,0.98798844522417,0.999999999909092,0.999999999909092
48,6,11,0.336953580017629,9,0.310847899930825,0.502203684426641,0.502203680045603
48,7,5,0.399018263596727,0,0.893581779835193,0.716283695311592,0.999999999909092
48,8,9,0.335849041620847,4,0.790683130670229,0.50220368970268,0.814093095262422
48,9,8,0.337612127286896,9,0.347335202893076,0.502203681775035,0.613066226409808
48,10,12,0.335419332478694,10,0.353678121635943,0.244680404530072,0.613066222487938
49,35,0,0.987242422474143,0,0.946274514345772,0.999999999909092,0.999999999909092
49,65,11,0.33543385500891,9,0.316077674318149,0.380748391447223,0.502203679787338
49,67,8,0.335282183147918,8,0.310967470868627,0.502203689705433,0.502203680137052
49,72,9,0.361793756025765,12,0.305288631967026,0.502203679992191,0.244680405066654
49,82,0,0.992963686154768,0,0.971138636935973,0.999999999909092,0.999999999909092
49,89,3,0.884013365274912,6,0.512028625462288,0.908228618536135,0.716283692451172
49,90,11,0.337181891485834,3,0.879854294271472,0.380748386042872,0.908228625536095
49,94,9,0.381426000492345,7,0.516437490034861,0.613066226394575,0.716283695226206
49,97,6,0.365986607806178,10,0.306043619094563,0.716283695358944,0.502203679278582
49,98,8,0.432200664385314,12,0.305236818139065,0.613066226417874,0.380748394214725
50,1,10,0.338351647708085,8,0.34233898263711,0.502203690367442,0.61306622639844
50,2,2,0.585535949586602,0,0.966620999076973,0.814093095279215,0.999999999909092
50,3,0,0.961383072339255,0,0.946274514345772,0.999999999909092,0.999999999909092
50,4,7,0.408991763978101,6,0.369849820606665,0.613066226671257,0.613066226422107
50,5,10,0.372998217356668,12,0.305771898391168,0.502203689846838,0.380748386062659
50,6,7,0.348646421538038,7,0.386319989366808,0.61306622662547,0.716283695259
50,7,3,0.882495790917707,3,0.877298641319493,0.90822862547472,0.908228625557184
50,9,6,0.336649819689906,8,0.553859997626757,0.716283695373114,0.716283695261966
50,11,10,0.351294954142043,9,0.317487395251135,0.502203679948899,0.502203690371783
50,12,0,0.987242422474143,6,0.371132979809232,0.999999999909092,0.613066224560059
50,13,11,0.335240998402995,0,0.912826099740809,0.38074839046023,0.999999999909092
50,14,10,0.335175669525437,10,0.306099530321216,0.380748387903831,0.380748386142193
50,16,2,0.809884204427939,6,0.382382698640361,0.814093095207152,0.716283689484662
50,17,0,0.985051558315728,1,0.875242394316872,0.999999999909092,0.908228625463256
50,18,0,0.987242422474143,8,0.346149447128532,0.999999999909092,0.613066226420189
50,20,3,0.867727353496704,1,0.881692275637041,0.908228625537627,0.908228625483447
50,21,6,0.350372642421677,1,0.888610787452407,0.716283695283907,0.90822862555007
51,1,10,0.350468399140914,6,0.60457829114649,0.502203679241699,0.71628369536541
51,2,11,0.337327825059121,7,0.311379697218539,0.380748390148435,0.502203679915353
51,3,10,0.336784933813844,10,0.326476900340024,0.380748391409137,0.613066222495712
51,4,12,0.335368154437954,10,0.307480751335673,0.244680404866614,0.502203679113483
51,5,10,0.337940046538114,12,0.305143903042244,0.380748386131846,0.24468040496525
51,6,11,0.335198769292965,8,0.313400042767069,0.380748384311213,0.502203689839771
51,7,1,0.891259846710971,10,0.311532226268021,0.908228617866981,0.5022036903644
51,8,6,0.699022636017431,6,0.789553822878086,0.716283689535064,0.814093095251726
51,9,3,0.882468804951007,11,0.305994595304401,0.9082286254745,0.380748391444381
51,10,1,0.89205303033867,8,0.366297047812057,0.908228625565454,0.613066222749714
51,11,0,0.961383072339255,4,0.668516071045043,0.999999999909092,0.814093095257594
51,12,0,0.961383072339255,0,0.966620999076973,0.999999999909092,0.999999999909092
51,13,6,0.443308858460303,5,0.785703535878358,0.716283689529164,0.814093095237351
51,15,11,0.335395460116018,12,0.306594170049162,0.380748387897797,0.380748386118863
51,16,0,0.973344884011327,2,0.835986263372042,0.999999999909092,0.814093095204449
51,17,4,0.829015773247841,6,0.528107206466321,0.814093095258009,0.716283695326612
51,18,0,0.989726339947843,5,0.680412326983917,0.999999999909092,0.814093095230762
51,19,0,0.992320879285172,6,0.785635205832987,0.999999999909092,0.814093095308998
52,5,1,0.892598243996601,2,0.831875618289007,0.908228625549582,0.814093095204682
52,6,0,0.97138878517665,0,0.975569797357615,0.999999999909092,0.999999999909092
52,7,1,0.891259846710971,4,0.834470634325636,0.908228617866981,0.814093095260057
52,8,0,0.961383072339255,0,0.966620999076973,0.999999999909092,0.999999999909092
52,9,0,0.971101873926137,0,0.903004304070695,0.999999999909092,0.999999999909092
52,10,5,0.725705153856893,3,0.879914289353816,0.814093095255274,0.908228618538516
52,11,12,0.334894236056427,11,0.310287872491563,0.380748384392521,0.502203679214754
52,12,0,0.959001113457524,2,0.831875618289007,0.999999999909092,0.814093095204682
52,13,1,0.884717161470259,5,0.638956329521021,0.908228618527078,0.7162836953713
52,14,0,0.97138878517665,1,0.877976382568938,0.999999999909092,0.908228625463454
52,15,11,0.335532171605932,11,0.305278460401522,0.380748384426362,0.244680404406358
52,16,1,0.882452154667099,4,0.806042824293208,0.908228625550161,0.814093095261602
52,17,4,0.848485284353664,4,0.822279809524015,0.814093095317744,0.814093088541205
52,18,10,0.336497256128233,10,0.312182450334923,0.380748390132513,0.502203689709092
52,19,0,0.992963686154768,0,0.912826099740809,0.999999999909092,0.999999999909092
53,1,9,0.451640850758426,10,0.315966118341743,0.613066226465643,0.50220368983257
53,2,0,0.969026472217586,2,0.833021521518579,0.999999999909092,0.814093095206576
53,3,1,0.888084358459175,7,0.553767875255095,0.908228625549227,0.716283695320473
53,4,0,0.97138878517665,1,0.881692275637041,0.999999999909092,0.908228625483447
53,5,0,0.982171935287719,1,0.881692275637041,0.999999999909092,0.908228625483447
53,6,9,0.337172765654222,10,0.30552942548766,0.50220368962224,0.380748386126117
53,9,4,0.723090171930579,0,0.906533111465715,0.814093095261602,0.999999999909092
53,10,3,0.882468804951007,8,0.34373459752613,0.9082286254745,0.613066226609563
53,11,0,0.987242422474143,0,0.966620999076973,0.999999999909092,0.999999999909092
53,12,9,0.350179764136325,9,0.31091474914416,0.502203680143721,0.502203679090129
53,13,10,0.33737880426674,8,0.315764133355777,0.502203679260295,0.502203679236726
53,14,7,0.44043442318917,7,0.329233959293384,0.716283695284129,0.716283695293152
53,15,11,0.352239726957082,11,0.310801067181336,0.50220369038476,0.502203689656799
53,18,6,0.699414276259227,8,0.366120137966525,0.716283692460942,0.613066222751308
54,7,0,0.97138878517665,3,0.878791819800611,0.999999999909092,0.908228625535063
54,10,1,0.885955430258244,3,0.845298529400315,0.908228625565967,0.908228618538108
54,12,12,0.3351555922074,9,0.347181383771638,0.244680405105968,0.613066226381029
54,13,1,0.890228682458527,2,0.829582609848724,0.908228625549558,0.814093095279356
54,14,9,0.336097019664875,11,0.306878090615762,0.38074838601937,0.380748383855239
54,16,0,0.993621170752326,3,0.874178458861018,0.999999999909092,0.90822862553436
54,18,0,0.977367712356649,0,0.893581779835193,0.999999999909092,0.999999999909092
54,19,0,0.97138878517665,0,0.892800830317269,0.999999999909092,0.999999999909092
54,20,7,0.33553128931257,8,0.307977656600241,0.613066226666594,0.502203689644883
54,21,8,0.341392138865707,12,0.305251215259069,0.502203679152993,0.244680404454561
54,22,0,0.961383072339255,1,0.880453884399469,0.999999999909092,0.908228625550338
54,23,0,0.989726339947843,0,0.971138636935973,0.999999999909092,0.999999999909092
54,24,0,0.982171935287719,0,0.946274514345772,0.999999999909092,0.999999999909092
55,1,0,0.992165809892573,3,0.870905157217648,0.999999999909092,0.908228625534814
55,2,3,0.891450447792923,0,0.892800830317269,0.90822861853621,0.999999999909092
55,3,1,0.882452154667099,2,0.80216963839174,0.908228625550161,0.814093095205925
55,4,0,0.973344884011327,0,0.951916002090914,0.999999999909092,0.999999999909092
55,5,1,0.876403560633885,0,0.951916002090914,0.90822862552139,0.999999999909092
55,6,0,0.959001113457524,5,0.75050016530308,0.999999999909092,0.814093095287931
55,7,0,0.973344884011327,0,0.946274514345772,0.999999999909092,0.999999999909092
55,8,0,0.961383072339255,1,0.876032999772702,0.999999999909092,0.908228618526278
55,9,0,0.987242422474143,0,0.959032229626891,0.999999999909092,0.999999999909092
55,10,3,0.853654815094519,4,0.815506981079153,0.908228625535466,0.814093095329623
55,11,0,0.942345545201474,0,0.945305206464669,0.999999999909092,0.999999999909092
55,12,1,0.889794998076663,0,0.958193083755609,0.908228625550338,0.999999999909092
56,10,1,0.888084358459175,0,0.958193083755609,0.908228625549227,0.999999999909092
56,11,0,0.961383072339255,1,0.865419183026243,0.999999999909092,0.908228625464289
56,12,3,0.879381500212194,6,0.802643602305562,0.908228618537805,0.814093095322839
56,13,8,0.414748801723754,9,0.314676030203059,0.613066222775649,0.502203679903654
56,14,0,0.961383072339255,2,0.829582609848724,0.999999999909092,0.814093095279356
56,15,1,0.893408796306472,4,0.788669083457351,0.908228618545451,0.814093095307726
56,16,1,0.876403560633885,1,0.884638414908322,0.90822862552139,0.908228625565967
56,18,1,0.887551082977315,8,0.322734238707397,0.908228618526278,0.613066226365693
56,19,7,0.427814981117336,11,0.310585252932248,0.716283692450773,0.502203689704541
56,20,0,0.942345545201474,0,0.966620999076973,0.999999999909092,0.999999999909092
56,21,0,0.961383072339255,3,0.849692247755313,0.999999999909092,0.908228625536221
56,22,0,0.993354683721735,0,0.966620999076973,0.999999999909092,0.999999999909092
56,23,0,0.942345545201474,0,0.972349424850074,0.999999999909092,0.999999999909092
56,24,0,0.97138878517665,10,0.310164971191042,0.999999999909092,0.502203690381831
56,25,10,0.336906756948705,10,0.305833294437251,0.502203689862308,0.380748384369052
56,26,8,0.36998276750761,1,0.866386832019434,0.61306622640685,0.90822862546354
57,4,0,0.987242422474143,0,0.966620999076973,0.999999999909092,0.999999999909092
57,5,2,0.803095975634284,0,0.98127233043975,0.814093095206576,0.999999999909092
57,6,0,0.992963686154768,0,0.975569797357615,0.999999999909092,0.999999999909092
57,7,0,0.981746581716539,0,0.98127233043975,0.999999999909092,0.999999999909092
57,8,0,0.97138878517665,0,0.98930925187466,0.999999999909092,0.999999999909092
57,9,0,0.989726339947843,0,0.966620999076973,0.999999999909092,0.999999999909092
57,10,8,0.33949735829504,9,0.314947723488585,0.502203679090129,0.50220369037032
57,11,0,0.985051558315728,3,0.879254789974856,0.999999999909092,0.908228617878594
57,12,9,0.338983191537629,1,0.892081844584817,0.380748386111684,0.908228617866981
57,13,3,0.882777740712141,3,0.870703573935158,0.908228625555498,0.908228625474673
57,14,0,0.985051558315728,0,0.945305206464669,0.999999999909092,0.999999999909092
57,15,11,0.335347610331783,5,0.773440994408199,0.244680405065891,0.814093095312245
57,16,3,0.884008307535388,0,0.958193083755609,0.908228625534669,0.999999999909092
57,17,0,0.97138878517665,6,0.779435381016338,0.999999999909092,0.814093088511012
58,7,0,0.985051558315728,7,0.548908094100452,0.999999999909092,0.716283695275483
58,9,0,0.993621170752326,0,0.972349424850074,0.999999999909092,0.999999999909092
58,11,0,0.987242422474143,0,0.966620999076973,0.999999999909092,0.999999999909092
58,13,0,0.992320879285172,0,0.966620999076973,0.999999999909092,0.999999999909092
58,16,0,0.971101873926137,4,0.822279809524014,0.999999999909092,0.814093095318203
58,17,0,0.961383072339255,0,0.971138636935973,0.999999999909092,0.999999999909092
58,18,2,0.748211279025423,0,0.946274514345772,0.814093095280358,0.999999999909092
58,19,0,0.981746581716539,0,0.98930925187466,0.999999999909092,0.999999999909092
58,20,3,0.86709551147813,0,0.945305206464669,0.90822861853846,0.999999999909092
58,21,0,0.985051558315728,7,0.506818526036363,0.999999999909092,0.716283692366077
58,23,0,0.973344884011327,1,0.883703734927031,0.999999999909092,0.908228625550186
58,24,5,0.509944326038826,0,0.98127233043975,0.716283689404303,0.999999999909092
58,25,0,0.961383072339255,1,0.883076265659641,0.999999999909092,0.908228625549357
59,5,0,0.987242422474143,7,0.628429401212926,0.999999999909092,0.716283691001454
59,6,0,0.961383072339255,3,0.87567443738934,0.999999999909092,0.908228625537119
59,7,0,0.985051558315728,0,0.951916002090914,0.999999999909092,0.999999999909092
59,8,0,0.97138878517665,0,0.966620999076973,0.999999999909092,0.999999999909092
59,9,8,0.364239870356514,9,0.32140981036722,0.613066222487487,0.50220368977852
59,10,0,0.973344884011327,0,0.951916002090914,0.999999999909092,0.999999999909092
59,11,1,0.891495787665217,3,0.874014232548934,0.908228625549796,0.90822862555813
59,12,0,0.973344884011327,0,0.951916002090914,0.999999999909092,0.999999999909092
59,13,0,0.987242422474143,0,0.946274514345772,0.999999999909092,0.999999999909092
59,14,0,0.973344884011327,0,0.951916002090914,0.999999999909092,0.999999999909092
59,15,1,0.89205303033867,0,0.951916002090914,0.908228625565454,0.999999999909092
59,16,12,0.334924481672805,11,0.314384545039614,0.244680405192427,0.502203679833946
60,7,8,0.358152471501495,1,0.883703734927031,0.613066226598581,0.908228625550186
60,14,0,0.987242422474143,0,0.958193083755609,0.999999999909092,0.999999999909092
60,18,0,0.973344884011327,8,0.3569236981277,0.999999999909092,0.613066226378923
60,19,9,0.338786468781117,8,0.341827880234462,0.613066222538948,0.61306622634171
60,24,1,0.891495787665217,0,0.906533111465715,0.908228625549796,0.999999999909092
60,34,0,0.985051558315728,0,0.931067207090611,0.999999999909092,0.999999999909092
60,36,0,0.97138878517665,0,0.98127233043975,0.999999999909092,0.999999999909092
60,37,0,0.961383072339255,0,0.912826099740809,0.999999999909092,0.999999999909092
60,39,0,0.942345545201474,4,0.85578291242074,0.999999999909092,0.814093095257502
60,40,0,0.992963686154768,0,0.971138636935973,0.999999999909092,0.999999999909092
60,47,0,0.959001113457524,0,0.971138636935973,0.999999999909092,0.999999999909092
60,49,9,0.356832480487142,12,0.30523339193259,0.502203690438907,0.244680404248805
60,55,0,0.977367712356649,4,0.75728943398441,0.999999999909092,0.814093095248891
60,56,0,0.993227736435248,2,0.811263356238167,0.999999999909092,0.814093095280545
60,57,0,0.969026472217586,4,0.697501186071924,0.999999999909092,0.81409309531604
60,58,4,0.845428312828958,0,0.971138636935973,0.814093095268726,0.999999999909092
61,6,0,0.97138878517665,3,0.879879577537996,0.999999999909092,0.908228618536381
61,7,0,0.973344884011327,5,0.799006508059762,0.999999999909092,0.814093095219113
61,8,0,0.973344884011327,4,0.789213678122165,0.999999999909092,0.814093095257369
61,9,0,0.97138878517665,0,0.975569797357615,0.999999999909092,0.999999999909092
61,10,0,0.982171935287719,1,0.880453884399469,0.999999999909092,0.908228625550338
61,11,0,0.993227736435248,3,0.873222760757396,0.999999999909092,0.908228618537542
61,12,0,0.97138878517665,0,0.931067207090611,0.999999999909092,0.999999999909092
61,13,0,0.97138878517665,3,0.879902015804785,0.999999999909092,0.908228625536981
61,14,0,0.977367712356649,1,0.886948570245382,0.999999999909092,0.908228625550161
61,15,1,0.887551082977315,4,0.816336239345887,0.908228618526278,0.814093095333902
61,16,0,0.961383072339255,0,0.912826099740809,0.999999999909092,0.999999999909092
61,17,4,0.764435097501459,0,0.958193083755609,0.814093095331156,0.999999999909092
61,18,0,0.977367712356649,0,0.946274514345772,0.999999999909092,0.999999999909092
61,19,0,0.973344884011327,5,0.619033888124713,0.999999999909092,0.716283695364348
61,20,0,0.97138878517665,0,0.946274514345772,0.999999999909092,0.999999999909092
61,21,2,0.838015639091515,1,0.886948570245382,0.814093095206865,0.908228625550161
62,3,5,0.429609320634205,8,0.319650177102702,0.716283695357344,0.613066222515126
62,4,0,0.969026472217586,5,0.853852795539921,0.999999999909092,0.81409309522339
62,5,6,0.350513192303358,5,0.499991425137148,0.716283695301329,0.716283690172779
62,6,0,0.987242422474143,3,0.883056187502997,0.999999999909092,0.908228625535079
62,7,11,0.335606366639006,12,0.305295143127412,0.380748388194876,0.244680405147605
62,8,5,0.819952858751709,1,0.883076265659641,0.814093095264669,0.908228625549357
62,10,3,0.885114730242009,7,0.468618404361417,0.908228625474713,0.716283695259085
62,11,9,0.345031588077413,7,0.550833115978511,0.502203679830551,0.716283695371887
63,4,6,0.338242542557019,7,0.494341916629299,0.716283695356075,0.71628369532074
63,5,0,0.961383072339255,0,0.912826099740809,0.999999999909092,0.999999999909092
63,8,0,0.987242422474143,7,0.408384166932507,0.999999999909092,0.716283695330142
63,10,10,0.338151612362376,9,0.366542452081223,0.380748390869352,0.613066222562317
63,11,0,0.985051558315728,1,0.886948570245382,0.999999999909092,0.908228625550161
63,12,11,0.33911958720325,10,0.306041161277275,0.502203685309294,0.380748386104801
63,13,5,0.695074160145577,3,0.873628868826367,0.716283689465001,0.908228625474245
63,14,8,0.431518419765119,12,0.30513950663307,0.613066226406995,0.244680404446043
63,15,0,0.942345545201474,0,0.966620999076973,0.999999999909092,0.999999999909092
64,2,0,0.992165809892573,3,0.878423033710814,0.999999999909092,0.908228625536664
64,3,11,0.336116199990776,12,0.305395839473583,0.380748386123838,0.244680404580781
64,4,1,0.930840285607309,0,0.951916002090914,0.908228625549753,0.999999999909092
64,5,9,0.352006654610432,5,0.574433079869089,0.613066226442382,0.716283689447896
64,6,9,0.420439881702366,9,0.318543894682999,0.613066223424993,0.502203679815868
64,7,2,0.838026235564965,6,0.377344013766546,0.814093095204682,0.613066222659575
64,8,0,0.973344884011327,0,0.946274514345772,0.999999999909092,0.999999999909092
64,9,8,0.435705840117258,8,0.364220200447827,0.613066226375187,0.613066226643008
64,10,5,0.819952858751709,0,0.975569797357615,0.814093095264669,0.999999999909092
64,11,0,0.992165809892573,0,0.946274514345772,0.999999999909092,0.999999999909092
64,12,9,0.373480768572372,7,0.342513343087289,0.613066226401919,0.613066226625136
65,7,0,0.993621170752326,0,0.966620999076973,0.999999999909092,0.999999999909092
65,8,0,0.992963686154768,3,0.87567443738934,0.999999999909092,0.908228625537119
65,9,6,0.696241013106276,12,0.305307658658842,0.716283689391488,0.244680405081976
65,10,0,0.987242422474143,0,0.98127233043975,0.999999999909092,0.999999999909092
65,11,0,0.942345545201474,0,0.971138636935973,0.999999999909092,0.999999999909092
65,12,0,0.97138878517665,0,0.951916002090914,0.999999999909092,0.999999999909092
65,13,0,0.97138878517665,0,0.951916002090914,0.999999999909092,0.999999999909092
65,14,3,0.89969077021593,12,0.305251215259069,0.908228625484206,0.244680404117108
65,15,0,0.961383072339255,0,0.903004304070695,0.999999999909092,0.999999999909092
65,16,8,0.344990735688867,8,0.354508694728833,0.61306622276532,0.613066222364305
65,17,0,0.985051558315728,0,0.951916002090914,0.999999999909092,0.999999999909092
65,18,7,0.34651908125329,7,0.538371545193581,0.613066226379326,0.716283695323626
65,19,0,0.973344884011327,4,0.789213678122165,0.999999999909092,0.814093095257369
65,20,0,0.985051558315728,0,0.98930925187466,0.999999999909092,0.999999999909092
